{
    "consul": "{{ if .CONSUL_AGENT }}localhost{{ else }}{{ .CONSUL }}{{ end }}:8500",
    "preStart": "/usr/local/bin/reload.sh preStart",
    "logging": {"level": "DEBUG"},
    "services": [
        {
            "name": "microservice-user-nginx",
            "port": 80,
            "health": "/usr/bin/curl --fail --silent --show-error --output /dev/null http://localhost/nginx-health",
            "poll": 10,
            "ttl": 25,
            "interfaces": ["eth0"]
        }
    ],
    "backends": [
        {
            "name": "{{ .BACKEND }}",
            "poll": 7,
            "onChange": "/usr/local/bin/reload.sh onChange"
        }
    ],
    "coprocesses": [{{ if .CONSUL_AGENT }}
        {
            "command": ["/usr/local/bin/consul", "agent",
                "-data-dir=/var/lib/consul",
                "-config-dir=/etc/consul",
                "-rejoin",
                "-retry-join", "{{ .CONSUL }}",
                "-retry-max", "10",
                "-retry-interval", "10s"],
            "restarts": "unlimited"
        }{{ end }}],
    "telemetry": {
        "port": 9090,
        "sensors": [
            {
                "name": "nginx_connections_unhandled_total",
                "help": "Number of accepted connnections that were not handled",
                "type": "gauge",
                "poll": 5,
                "check": ["/usr/local/bin/sensor.sh", "unhandled"]
            },
            {
                "name": "nginx_connections_load",
                "help": "Ratio of active connections (less waiting) to the maximum worker connections",
                "type": "gauge",
                "poll": 5,
                "check": ["/usr/local/bin/sensor.sh", "connections_load"]
            }
        ]
    }
}
